timestamp,ticker,signal,price,sma20,sma50
2026-10-04 23:07:53,EFIH.CA,BUY,23.97,23.29,23.51
2026-10-04 23:25:32,EFIH.CA,BUY,23.97,23.29,23.51
2026-10-04 23:34:14,EFIH.CA,BUY,23.97,23.29,23.51
2026-10-04 23:52:54,EFIH.CA,BUY,23.97,23.29,23.51
2026-10-07 01:33:14,EXPA.CA,BUY,21.50,21.36,21.01
2026-10-07 10:48:11,EXPA.CA,SELL,20.30,21.30,20.98
2026-10-07 10:48:58,APSW.CA,SELL,8.38,8.34,8.57
2026-10-07 10:49:58,CERA.CA,BUY,1.42,1.41,1.38
2026-10-07 10:50:09,DTPP.CA,SELL,307.91,317.33,308.90
2026-10-07 10:58:24,FWRY.CA,BUY,19.20,18.86,18.99
